{    
    "exposedToInfectiousRate": 0.1666666716337204,
    "symptomaticRecoveryRate": 0.2570694088935852,
    "asymptomaticRecoveryRate": 0.6211180090904236,
    "hospitalizationRecoveryRate": 0.1428571492433548,
    "criticalRecoveryRate": 0.10000000149011612,
    "recoveredToSusceptibleRate": 0.00010001000191550702,
    "vaccinatedToSusceptibleRate": 0.00010001000191550702,
    "hospToNonHospRatio": 0.002199999988079071,
    "asympToSympRatio": 0.8381999731063843,
    "criticalToHospRatio": 0.0010000000474974514,
    "deceasedToCriticalRecovRatio": 0.000005599999894911889,
    "sympTransmissionRate": 0.5501285195350647,
    "asympTransmissionRate": 1.3291926383972169,
    "hospitalTransmissionRate": 0.30571430921554568,
    "criticalTransmissionRate": 0.21400001645088197,
    "visitorTransmissionRate": -1.0,
    "susceptibleTestingRate": 0.0,
    "exposedTestingRate": 0.0,
    "symptomaticTestingRate": 0.0,
    "asymptomaticTestingRate": 0.0,
    "hospitalizationTestingRate": 0.0,
    "criticalTestingRate": 0.0,
    "recoveredTestingRate": 0.0,
    "vaccinatedTestingRate": 0.0,
    "falsePosRate": 0.0,
    "falseNegRate": 0.0
}